Code,Title CN,Title EN,Issues
S1-01,巨人思維,Giant Mindset,Missing ISBN EN
S1-02,底層邏輯 I,,Missing Title EN | Missing ISBN EN
S1-03,華頓商學院最受歡迎的談判課,Getting More,Author Detailed Bio Missing
S1-04,我，刀槍不入,Can't Hurt Me,OK
S1-05,薩提爾的對話練習,Satir's Dialogue Exercise,Missing ISBN EN
S1-06,最高學習法,,Missing Title EN | Missing ISBN EN
S1-07,成長型領導,Growth Leadership,Missing ISBN ZH | Author Detailed Bio Missing
S1-08,目標,The Goal,OK
S1-09,為什麼事情做不完 你還在滑手機,,Missing Title EN | Missing ISBN EN
S1-10,刻意練習,Peak: Secrets from the New Science of Expertise,OK
S1-11,剛剛好的孤獨,Solitude just right,Missing ISBN EN
S1-12,定位,Positioning  The Battle for Your Mind,Missing ISBN ZH
S1-13,時勢,Megatrends,Missing ISBN EN
S1-14,留白時間,Time Off,Missing ISBN ZH
S1-15,情緒靈敏力,Emotional Agility,Missing ISBN ZH
S1-16,底層邏輯2 Underlaying Logic 2,,Missing Title EN | Missing ISBN EN
S1-17,精準選股 7Nothing,But Net,Missing ISBN EN | Author Detailed Bio Missing
S1-18,軟技能,Soft Skills,Missing ISBN EN | Author '劉潤、李笑來、萬維綱、吳軍、劉擎、薛兆豐 等' not in authors.json
S1-19,散漫者的學習法,,Missing Title EN | Missing ISBN EN
S1-20,你不欠任何人,You Don't Owe Anyone,Missing ISBN ZH | Author Detailed Bio Missing
S1-21,艱困時代的經濟學思考,Good Economics for Hard Times,Missing ISBN ZH | Author Detailed Bio Missing
S1-22,哈佛寫作課,Telling True Stories,Missing ISBN ZH
S1-23,高效寫作,,Missing Title EN | Missing ISBN EN
S1-24,寫作是最好得自我投資,,Missing Title EN | Missing ISBN EN
S1-25,可複製的溝通力,,Missing Title EN | Missing ISBN EN
S1-26,低風險創業,Low risk entrepreneurship,Missing ISBN EN
S1-27,聖經教你的18個接班秘訣,,Missing Title EN | Missing ISBN EN | Author Detailed Bio Missing
S1-28,一如既往,Same as Ever,Missing ISBN ZH
S1-29,丹尼爾斯博士跑步方程式,Daniels Running Formula,Author Detailed Bio Missing
S1-30,跑步教科書,Illustrated Guide for Runners,Missing ISBN EN
S1-31,改善體質深呼吸,Deep Breathing for Health,Missing ISBN EN
S1-32,像頂尖運動員一樣思考,The Genius of Athletes,Missing ISBN ZH | Author Detailed Bio Missing
S1-33,財務自由之路 李笑來,,Missing Title EN | Missing ISBN EN
S1-34,價值,Value,Missing ISBN EN
S1-35,致富察覺,Rich Mindfulness,Missing ISBN EN | Author Detailed Bio Missing
S1-36,索羅斯的投資哲學,George Soros' Philosophy of Investment,Missing ISBN EN
S1-37,原則,Principles  Crafting Your Life's Guiding Philosophy,OK
S1-38,連結：從石器時代到 AI 紀元,Nexus,OK
S1-39,窮理查的普通常識,Poor Richard's Almanack by BENJAMIN  FRANKLIN,OK
S1-40,認識商業,Understanding Business,Missing ISBN ZH | Author Detailed Bio Missing
S1-41,心流,Flow  Optimal Experiences and the Psychology of Happiness,Author Detailed Bio Missing
S1-42,學習究竟是什麼,New Science of Learning,Missing ISBN EN
S1-43,學習如何學習,Learning How to Learn,Missing ISBN ZH
S1-44,大人的學習法,Mature Learning,Missing ISBN EN | Author Detailed Bio Missing
S1-45,大人的高效獨學法,,Missing Title EN | Missing ISBN EN | Author Detailed Bio Missing
S1-46,50個級學習法 50,Super Learning Methods,Missing ISBN EN | Author Detailed Bio Missing
S1-47,超強記憶學習法,Super Learning,Missing ISBN ZH
S1-48,記憶訓練,Memory Training,Missing ISBN ZH
S1-49,深度思考的技術,Mastering Deeper Thinking,Missing ISBN EN
S1-50,1% 閱讀術 1%,Reading,Missing ISBN EN | Author Detailed Bio Missing
S1-51,閱讀力大全,,Missing Title EN | Missing ISBN EN | Author Detailed Bio Missing
S1-52,雜訊時代的高效資料整理術,,Missing Title EN | Missing ISBN EN | Author Detailed Bio Missing
S1-53,資訊彙整術 - YouTube 頻道主及川幸久的情報收集和表達技巧,,Missing Title EN | Missing ISBN EN | Author Detailed Bio Missing
S1-54,讀懂一本書,,Missing Title EN | Missing ISBN EN
S1-55,你的善良必須更有力量,Deep Kindness,Missing ISBN EN | Author Detailed Bio Missing
S1-56,內心對話的力量,Find Your True Voice  Healing Trauma and Finding Joy,Missing ISBN EN
S1-57,樂觀者的遠見,The Optimist's Telescope  A Vision for the Future,Missing ISBN EN | Author Detailed Bio Missing
S1-58,做個有溫度的人,Heartwarming,Missing ISBN EN | Author Detailed Bio Missing
S1-59,真誠就是你的影響力,The Go-Giver Influencer: A Little Story about a Most Persuasive Idea,Missing ISBN ZH | Author Detailed Bio Missing
S1-60,窮查理的普通常識,Poor Charlie's Almanack,Author Detailed Bio Missing
S1-61,全腦人生,Whole Brain Living,Missing ISBN ZH | Author Detailed Bio Missing
S1-62,打破大腦偽科學,HIRNRISSING,Missing ISBN ZH | Author Detailed Bio Missing
S1-63,同步大腦思維的時間支配術,Your Time   Brain Sync,Missing ISBN EN | Author Detailed Bio Missing
S1-64,我為何會這樣 - MBTI人格類型的16種性格密碼,,Missing Title EN | Missing ISBN ZH | Missing ISBN EN | Author Detailed Bio Missing
S1-65,拖延心理學,Taming Procrastination,Missing ISBN ZH | Missing ISBN EN
S1-66,自卑與超越,What Life Should Mean To You,Missing ISBN ZH
S1-67,活著覺得麻煩的人,Avoidant Personality,Missing ISBN EN | Author Detailed Bio Missing
S1-68,慣性思維,How do we know Ourselves,Missing ISBN ZH | Author Detailed Bio Missing
S1-69,為什麼我們總是相信自己是對的,Why We're Always So Sure We're Right,Missing ISBN ZH | Missing ISBN EN | Author Detailed Bio Missing
S1-70,重新與人對話,Reclaiming Conversation,Missing ISBN ZH | Author Detailed Bio Missing
S1-71,和這個世界講講道理,Telling Truths to the World,Missing ISBN ZH | Missing ISBN EN
S1-72,有效決策,Cracking Complexity,Missing ISBN ZH
S1-73,工作原力,The IDEA Mindset  Figure Out What You Want From Work and How to Get It,Missing ISBN ZH | Missing ISBN EN | Author Detailed Bio Missing
S1-74,大賭注心態,Big Bets,Missing ISBN ZH
S1-75,決勝視角,Clear Closer Better,Missing ISBN ZH | Missing ISBN EN | Author Detailed Bio Missing
S1-76,協作原則,Collaborhate,Missing ISBN ZH | Author Detailed Bio Missing
S1-77,麥肯錫團隊協作力,McKinsey Team Collaboration,Missing ISBN ZH | Missing ISBN EN
S1-78,精準回饋：提升團隊績效，改善溝通的超能⼒,,Missing Title EN | Missing ISBN ZH | Missing ISBN EN | Author Detailed Bio Missing
S1-79,你有正確回答問題嗎,Answer Intelligence  Raising Your AQ,Missing ISBN EN
S1-80,你要如何衡量你的人生,How Will You Measure Your Life,Missing ISBN ZH
S1-81,快思慢想,Thinking Fast and Slowl,Missing ISBN ZH | Missing ISBN EN
S1-82,做自己的生命設計師,Designing Your Life,Missing ISBN ZH
S1-83,慷慨的力量,The Power of Generosity,Missing ISBN ZH
S1-84,最有專注力的一年,Focus Project  A Year of Single Mindedness,Missing ISBN ZH | Missing ISBN EN
S1-85,淤泥效應,Sludge,Missing ISBN ZH
S1-86,最高精力管理法,Have More Energy,Missing ISBN ZH
S1-87,科學休息,Rest  Efficient Recovery of Energy,Missing ISBN ZH | Missing ISBN EN | Author Detailed Bio Missing
S1-88,創運思維,Lucky,Missing ISBN EN | Author Detailed Bio Missing
S1-89,領導者該想什麼,Becoming a Technical Leader,Missing ISBN ZH
S1-90,你想成為什麼樣的人,Uncommon Wisdom to Inspire Your Life's Work,Missing ISBN ZH
S1-91,一切都是誘因的問題,The Why Axis,Missing ISBN ZH
S1-92,執行長日記,The Diary of a CEO,Missing ISBN ZH | Author Detailed Bio Missing
S1-93,鋼鐵⼈⾺斯克,Elon Musk   Ashlee Vance,Missing ISBN ZH | Missing ISBN EN
S1-94,馬斯克傳   唯一不設限、全公開傳記,Walter Isaacson,Missing ISBN ZH
S1-95,張忠謀 自傳,Morris Chang Autobiography,Missing ISBN ZH | Missing ISBN EN
S1-96,賈伯斯傳,Steve Jobs The Exclusive Biography by Walter Isaacson,Missing ISBN ZH | Missing ISBN EN
S1-97,貝佐斯傳,The Everything Store   Jeff Bezos and the Age of Amazon,Missing ISBN ZH
S1-98,複利領導,Compounding Leadership,Missing ISBN ZH | Missing ISBN EN
S1-99,超級專案管理,How Big Things Get Done,Missing ISBN ZH | Author Detailed Bio Missing
S1-100,原始碼 成為比爾蓋茲,Source Code My Beginnings   Bill Gates,Missing ISBN ZH | Missing ISBN EN
S2-01,恆毅力,Grit The Power of Passion and Perseverance,Missing ISBN ZH
S2-02,認知與情緒手冊,Handbook of Cognition and Emotion,Missing ISBN ZH | Missing ISBN EN | Author Detailed Bio Missing
S2-03,情緒與意識,Emotion and Consciousness,Missing ISBN ZH | Missing ISBN EN
S2-04,就怕平庸成為你的人生註解,Fear of being Mediocre,Missing ISBN ZH | Missing ISBN EN
S2-05,不要變成壞掉的大人,Don't Be Broken,Missing ISBN ZH | Missing ISBN EN
S2-06,內在提問,Inner Interrogation,Missing ISBN ZH | Missing ISBN EN
S2-07,放棄的力量,Power of Giving Up,Missing ISBN ZH | Missing ISBN EN
S2-08,練習不想要,Practicing Non Wanting,Missing ISBN ZH | Missing ISBN EN | Author Detailed Bio Missing
S2-09,思考的法則,Rules of Thinking,Missing ISBN ZH
S2-10,機緣力,The Serendipity Mindset,Missing ISBN ZH | Author Detailed Bio Missing
S2-11,原子習慣,Atomic Habits   James Clear,Missing ISBN ZH | Missing ISBN EN
S2-12,與成功有約,Seven Habits of Highly Effective People,Missing ISBN ZH
S2-13,第八個習慣 The 8th,Habit  From Effectiveness to Greatness,Missing ISBN ZH
S2-14,與婚姻有約 The 7,Habits of Highly Effective Marriage,Missing ISBN ZH | Missing ISBN EN
S2-15,我想跟你好好聊聊,Gonna Talk,Missing ISBN EN | Author Detailed Bio Missing
S2-16,幸福之路,The Conquest of Happiness,Missing ISBN ZH | Author Detailed Bio Missing
S2-17,先問為什麼,Start With Why,Missing ISBN ZH
S2-18,納瓦爾寶典,The Almanack of Naval Ravikant,Missing ISBN ZH | Author Detailed Bio Missing
S2-19,創業這條路,The E-Myth Revisited,Missing ISBN ZH | Missing ISBN EN | Author Detailed Bio Missing
S2-20,"從0到1 Zero to One  Notes on Startups, or",How to Build the Future,Missing ISBN ZH
S2-21,不公平優勢,The Unfair Advantage,Missing ISBN ZH
S2-22,隱喻領導力,The Power of Leadership Metaphors,Missing ISBN ZH | Missing ISBN EN | Author Detailed Bio Missing
S2-23,什麼都不教的上司才厲害,,Missing Title EN | Missing ISBN ZH | Missing ISBN EN | Author Detailed Bio Missing
S2-24,稻盛和夫 中小企業學,,Missing Title EN | Missing ISBN ZH | Missing ISBN EN
S2-25,無權發令也能領導,How to Lead When You are Not in Charge,Missing ISBN ZH | Missing ISBN EN | Author Detailed Bio Missing
S2-26,增長的邏輯,The Logic of Growth   Edmund Phelps,Missing ISBN ZH | Missing ISBN EN
S2-27,下一個現在,The New Megatrends   Marian Salzman,Missing ISBN ZH | Missing ISBN EN | Author Detailed Bio Missing
S2-28,底層邏輯,AI世界的底層邏輯與生存法則,Missing ISBN ZH | Missing ISBN EN
S2-29,人類大歷史,Sapiens  A Brief History of Humankind,Missing ISBN ZH
S2-30,100 Ways to Motivate Yourself,,Missing Title EN | Missing ISBN EN | Author Detailed Bio Missing
S2-31,你就是困住自己的那座山,The Montain is You   Brianna Wiest,Missing ISBN ZH | Missing ISBN EN | Author Detailed Bio Missing
S2-32,我們攜帶的光,The Light We Carry   Michelle Obama,Missing ISBN ZH | Missing ISBN EN
S2-33,大谷翔平   棒球雙刀流現象級傳奇,Shohei Ohtani Baseball's Two Way Legend,Missing ISBN ZH | Missing ISBN EN | Author Detailed Bio Missing
S2-34,改變人生的早起習慣養成   塚本亮,,Missing Title EN | Missing ISBN ZH | Missing ISBN EN | Author Detailed Bio Missing
S2-35,打開心智,Free Your Mind,Missing ISBN EN
S2-36,世界是平的 大腦是皺的,Live by Design Live by Default,Missing ISBN ZH | Missing ISBN EN
S2-37,信任的秘密,The Code of Trust   Robin Dreeke,Missing ISBN ZH | Missing ISBN EN
S2-38,再忙也要躺好躺滿,The Little Book of Sloth Philosophy,Missing ISBN ZH
S2-39,別讓自責成為一種習慣   根本裕幸,,Missing Title EN | Missing ISBN ZH | Missing ISBN EN | Author Detailed Bio Missing
S2-40,六頂思考帽,Six Thinking Hats The Power of Parallel Thinking,Missing ISBN ZH | Missing ISBN EN
S2-41,不服從的藝術,The Art of Insubordination,Missing ISBN EN
S2-42,憤怒的勇氣,The Courage to Be Angry,Missing ISBN ZH | Missing ISBN EN
S2-43,盲視效應,Blind Sight,Missing ISBN ZH | Missing ISBN EN
S2-44,勾引,Brand Seduction  How Neuroscience Builds Powerful Brands,Missing ISBN EN
S2-45,購物心理學,Decoded  The Science Behind Why We Buy,Missing ISBN ZH | Author Detailed Bio Missing
S2-46,供應鏈戰爭,Material World A Substantial Story of Our Past and Future,Missing ISBN ZH | Author Detailed Bio Missing
S2-47,一鍵購買,Fulfillment Winning and Losing in One Click America,Missing ISBN ZH
S2-48,"亞馬遜逆向工作法 Working Backwards Insights, Stories, and",Secrets from Inside Amazon,Missing ISBN ZH | Author Detailed Bio Missing
S2-49,規模化效應,The Voltage Effect How to Make Good Ideas Great and Great Ideas Scale,Missing ISBN ZH | Missing ISBN EN | Author Detailed Bio Missing
S2-50,多一法則,The Power of One More The Ultimate Guide to Happiness and Success,Missing ISBN ZH | Author Detailed Bio Missing
S2-51,解決問題 先從盲點開始 プロの思考整理術,,Missing Title EN | Missing ISBN ZH | Missing ISBN EN
S2-52,魯蛇的翻轉人生計畫 凡人くんの人生革命,,Missing Title EN | Missing ISBN ZH | Missing ISBN EN | Author Detailed Bio Missing
S2-53,學會曼陀羅計畫表 你想要的都得到 一流の達成力,,Missing Title EN | Missing ISBN ZH | Missing ISBN EN | Author Detailed Bio Missing
S2-54,親愛的那不是你的錯,Como Hacer Que Te pasen Cosas Buenas,Missing ISBN ZH | Author Detailed Bio Missing
S2-55,薩提爾的親密關係修復練習,,Missing Title EN | Missing ISBN ZH | Missing ISBN EN
S2-56,讓身心回歸平衡的姿勢與呼吸調整法,,Missing Title EN | Missing ISBN ZH | Missing ISBN EN | Author Detailed Bio Missing
S2-57,情緒食療,Emotional Dietary Therapy,Missing ISBN ZH | Missing ISBN EN | Author Detailed Bio Missing
S2-58,全齡顧齒攻略,,Missing Title EN | Missing ISBN ZH | Missing ISBN EN | Author Detailed Bio Missing
S2-59,吃藥前你必須知道的事,,Missing Title EN | Missing ISBN ZH | Missing ISBN EN | Author Detailed Bio Missing
S2-60,新斷捨離,,Missing Title EN | Missing ISBN ZH | Missing ISBN EN
S2-61,停損的勝算,Quit The Power of Knowing When to Walk Away,Missing ISBN ZH
S2-62,情緒同理,Emotional Empathy,Missing ISBN ZH | Author Detailed Bio Missing
S2-63,倦怠 為何我們不想工作   波波夫 Exhausted Why We Don’t,Want to Work,Missing ISBN EN | Author Detailed Bio Missing
S2-64,假面社交    李軒洋,Relationship Expert,Missing ISBN EN | Author Detailed Bio Missing
S2-65,底層網紅,Get Rich Or Lie Trying  Symeon Brown,Missing ISBN ZH | Missing ISBN EN | Author Detailed Bio Missing
S2-66,紅人經濟   李檬,The Influencer Economy,Missing ISBN EN
S2-67,譯者即叛徒,Translator is a Traitor,Missing ISBN ZH | Missing ISBN EN | Author Detailed Bio Missing
S2-68,子彈溝通   言語武器化 精準吸睛法,,Missing Title EN | Missing ISBN ZH | Missing ISBN EN | Author Detailed Bio Missing
S2-69,總統文膽魅力表達課   江原國,,Missing Title EN | Missing ISBN ZH | Missing ISBN EN | Author Detailed Bio Missing
S2-72,重新丈量世界,Not to Scale   Jamer Hunt,Missing ISBN ZH | Missing ISBN EN | Author Detailed Bio Missing
S2-73,數字裡的故事,Growth From Microorganisms to Megacities,Missing ISBN ZH
S2-74,激活增長,Activating Growth,Missing ISBN ZH | Missing ISBN EN
S2-75,無人地球,Empty Planet The Shock of Global Population Decline,Missing ISBN EN
S2-76,CIA探員教你培養高應變力的孩子,License to Parent,Missing ISBN ZH | Author Detailed Bio Missing
S2-77,CIA教你讓人說出真心話,Get the Truth Former CIA Officers Teach You How to Persuade Anyone to Tell All,Missing ISBN ZH | Author Detailed Bio Missing
S2-78,日本頂尖執事教你察言觀色,Japan Top Butler's Guide for Observation,Missing ISBN ZH | Missing ISBN EN | Author Detailed Bio Missing
S2-79,1秒轉換情緒的51個心理學技巧,,Missing Title EN | Missing ISBN ZH | Missing ISBN EN | Author Detailed Bio Missing
S2-80,讓世界身心失調的狂愛與恐懼之因,The book of phobias & manias  A history of obsession,Missing ISBN ZH | Missing ISBN EN | Author Detailed Bio Missing
S2-81,起床後的黃金一小時,My Morning Routine How Successful People Start Every Day Inspired,Missing ISBN EN | Author Detailed Bio Missing
S2-82,致勝心態,Psyched Up How the Science of Mental Preparation Can Help You Succeed,Missing ISBN ZH
S2-83,億萬富翁的成功習慣 Millionaire Success Habits The Gateway to Wealth ^0,Prosperity,Missing ISBN ZH | Author Detailed Bio Missing
S2-84,讓幸福流進來的賺錢框架,Good Money Revolution How to Make More Money to Do More Good,Missing ISBN EN
S2-85,有錢人與你的差距 不只是錢,The Billion Dollar Secret,Missing ISBN EN
S2-86,清單革命,The Checklist Manifesto How to Get Things Right,Missing ISBN ZH
S2-87,讓你自帶好運的奇蹟習慣,The Miracle Habits The Secret of Turning Your Moments into Miracles,Missing ISBN ZH
S2-88,關於人生的7項財務思考   謝劍平,,Missing Title EN | Missing ISBN ZH | Missing ISBN EN | Author Detailed Bio Missing
S2-89,巴菲特勝券在握的12個原則,Buffett Way Hagstrom on Berkshire Principles,Missing ISBN ZH | Missing ISBN EN | Author Detailed Bio Missing
S2-90,巴菲特寫給股東的信,The Essays of Warren Buffett   Lessons for Corporate America,Missing ISBN ZH
S2-91,親愛的股東,Dear Shareholder,Missing ISBN ZH | Author Detailed Bio Missing
S2-92,市場的預兆,How to Listen When Markets Speak,Missing ISBN ZH | Author Detailed Bio Missing
S2-93,投資中最簡單的事   邱國鷺,The simplest thing in Investing,Missing ISBN ZH | Missing ISBN EN | Author Detailed Bio Missing
S2-94,思辯賽局,The Art of Strategy Game Theory for Business and Life,Missing ISBN ZH | Missing ISBN EN | Author Detailed Bio Missing
S2-95,麥凱銷售聖經,The Mackay MBA of Selling in the Real World,Missing ISBN ZH | Author Detailed Bio Missing
S2-96,業務學,A Scientific Sale Technique to control results,Missing ISBN ZH | Missing ISBN EN | Author Detailed Bio Missing
S2-97,領導者的七種原型,The Leadership Gap What Gets Between You and Your Greatness,Missing ISBN ZH | Author Detailed Bio Missing
S2-98,重啟人生,From Strength to Strength,Missing ISBN ZH | Author Detailed Bio Missing
S2-99,勾引大腦 Story or Die How to Use Brain Science to Engage^J Persuade^J and,Change Minds in Business,Missing ISBN ZH | Author Detailed Bio Missing
S2-100,未來駭客,Future Hackers The Indispensable Guide for Curious Minds,Missing ISBN EN | Author Detailed Bio Missing
S2-101,哈佛大學的思辨溝通術,Good Arguments A Debater's Journey,Missing ISBN ZH | Missing ISBN EN | Author Detailed Bio Missing
S3-01,千腦智能理論,A Thousand Brains The New Science of Intelligence,Missing ISBN ZH | Missing ISBN EN | Author Detailed Bio Missing
S3-02,腦力與無限公司,The Brains and Brawn Company   Robert Siegel,Missing ISBN ZH | Missing ISBN EN
S3-03,腦神精行銷學　Brain science for business ビジネスに活かす脳科学,,Missing Title EN | Missing ISBN ZH | Missing ISBN EN
S3-04,All the Brains in the Business,All the Brains in the Business,Missing ISBN ZH | Author Detailed Bio Missing
S3-05,順著大腦來生活,Your Brain at Work Core Principles,Missing ISBN ZH | Missing ISBN EN | Author Detailed Bio Missing
S3-06,我們如何走到現在,Where Good Ideas Come From,Missing ISBN ZH
S3-07,人類的旅程,The Journey of Humanity And the Keys to Human Progress,Missing ISBN ZH | Missing ISBN EN | Author Detailed Bio Missing
S3-08,2100 科技大未來,Physics of the Future How Science Will Shape Human Destiny and Our Daily Lives by t,Missing ISBN ZH | Missing ISBN EN | Author Detailed Bio Missing
S3-09,即將到來的潮汐,The Coming Wave Technology - Power and the Twenty first Century's Greatest Dilemma,Missing ISBN ZH | Missing ISBN EN | Author Detailed Bio Missing
S3-10,好的經濟學,Good Economics for Hard Times,Missing ISBN ZH
S3-11,給予,Give and Take Why Helping Others Drives Our Success,Missing ISBN ZH
S3-12,逆思維,Think Again The Power of Knowing What You Don't Know,Missing ISBN ZH
S3-13,隱性潛能,Hidden Potential The Science of Achieving Greater Things,Missing ISBN ZH
S3-14,內向外的洞見,Outside Insight Navigating a World Drowning in Data,Missing ISBN ZH | Author Detailed Bio Missing
S3-15,把時間買回來,Buy Back Your Time Get Unstuck Reclaim Your Freedom and Build Your Empire,Missing ISBN ZH | Author Detailed Bio Missing
S3-16,強大內心的自我對話習慣,Chatter The Voice in Our Head,Missing ISBN ZH
S3-17,陌生人的力量,The Power of Strangers The Benefits of Connecting in a Suspicious World,Missing ISBN ZH | Author Detailed Bio Missing
S3-18,為什麼要讀書工作Why do we work,Important things to think about to be Happy,Missing ISBN ZH | Missing ISBN EN | Author Detailed Bio Missing
S3-19,生命之源,The Vital Question Energy Evolution and the Origins of Complex Life,Missing ISBN ZH | Author Detailed Bio Missing
S3-20,向世界進擊的糧食學,How to Feed the World,Missing ISBN ZH
S3-21,無限賽局,The Infinite Game   Sinek,Missing ISBN ZH | Missing ISBN EN
S3-22,決策的藝術,Start Stay or Leave The Art of Decision Making,Missing ISBN ZH | Author Detailed Bio Missing
S3-23,情緒跟你以為的不一樣,How Emotions Are Made The Secret Life of the Brain,Missing ISBN ZH
S3-24,情緒的心理構造,The Psychological Construction of Emotion,Missing ISBN ZH
S3-25,完整的力量,My Life in Full,Missing ISBN ZH
S3-26,第一次工作就該懂,The Start-Up of You,Missing ISBN ZH
S3-27,意識究竟從何而來,Self Comes to Mind Constructing the Conscious Brain,Missing ISBN ZH | Author Detailed Bio Missing
S3-28,會講故事的大腦,The Tell Tale Brain A Neuroscientist's Quest for What Makes Us Human,Missing ISBN ZH | Author Detailed Bio Missing
S3-29,為什麼要睡覺,Why We Sleep The New Science of Sleep and Dreams,Missing ISBN ZH
S3-30,細胞之歌,The Song of the Cell An Exploration of Medicine and the New Human,Missing ISBN ZH | Author Detailed Bio Missing
S3-31,夠好的工作,The Good Enough Job Reclaiming Life from Work,Missing ISBN ZH | Missing ISBN EN | Author Detailed Bio Missing
S3-32,個人無限公司,Maximize Yourself Career x Side job,Missing ISBN ZH | Missing ISBN EN
S3-33,我們成了消耗品,The Expendables,Missing ISBN ZH | Missing ISBN EN | Author Detailed Bio Missing
S3-34,五維學習力,Five Dimensions of Learning,Missing ISBN ZH | Missing ISBN EN | Author Detailed Bio Missing
S3-35,過載,Organized Mind  Thinking Straight in the Age of Information Overload,Missing ISBN ZH | Author Detailed Bio Missing
S3-36,少，但是更好,Essentialism,Missing ISBN ZH
S3-37,The Successful Speaker,The Successful Speaker,Missing ISBN ZH | Author Detailed Bio Missing
S3-38,當上主管後難道只能默默崩潰,The Making of a Manager What to Do When Everyone Looks to You,Missing ISBN EN | Author Detailed Bio Missing
S3-39,心念的力量,The Expectation Effect How Your Mindset Can Change Your World,Missing ISBN ZH | Missing ISBN EN
S3-40,勇氣在召喚,The Daily Stoic,Missing ISBN ZH | Missing ISBN EN
S3-41,創造與漫想,Invent & Wander The Collected Writings of Jeff Bezos,Missing ISBN ZH | Author Detailed Bio Missing
S3-42,南計畫,The Pumpkin Plan - A Simple Strategy to Grow a Remarkable Business in Any Field,Missing ISBN ZH | Missing ISBN EN | Author Detailed Bio Missing
S3-43,1分鐘GPS溝通術,The First Minute    How to Start Conversations That Get Results,Missing ISBN EN | Author Detailed Bio Missing
S3-44,掌控演講,Master Public Speech,Missing ISBN ZH | Missing ISBN EN | Author Detailed Bio Missing
S3-45,誰說人是誠實的,The Honest Truth About Dishonesty,Missing ISBN ZH
S3-46,與逆境同行,Failing Forward  Turning Mistakes into Stepping Stones,Missing ISBN EN | Author Detailed Bio Missing
S3-47,如何讓人改變想法,How Minds Change,Missing ISBN ZH | Author Detailed Bio Missing
S3-48,哈佛最受歡迎的快樂心理學,The Happiness Advantage,Missing ISBN ZH | Author Detailed Bio Missing
S3-49,情緒智商,Emotional Intelligence,Missing ISBN ZH | Missing ISBN EN
S3-50,鬆綁你的焦慮習慣,Unwinding Anxiety  New Science for Breaking the Worry Habit,Missing ISBN ZH | Missing ISBN EN
S3-51,習慣的力量,The Power of Habit  Understanding Our Daily Routines,Missing ISBN ZH | Missing ISBN EN
S3-52,創意公司,Creativity Inc - Overcoming the Hidden Forces That Stand in the Way of True Inspiration,Missing ISBN ZH | Missing ISBN EN
S3-53,創意自信,Creative Confidence,Missing ISBN ZH
S3-54,斯多葛主義小書,The Little Book of Stoicism,Missing ISBN ZH | Author Detailed Bio Missing
S3-55,改善-改變命運的一小步,One Small Step Can Change Your Life  The Kaizen Way,Missing ISBN ZH | Author Detailed Bio Missing
S3-56,靜心,Stillness Is the Key,Missing ISBN ZH
S3-57,正向的關鍵 - 舒適,The Key to Positivity  A Return to Comfort,Missing ISBN ZH | Missing ISBN EN | Author Detailed Bio Missing
S3-58,別再脫離舒適區,The Comfort Zone  Your Path to Lasting Success,Missing ISBN ZH | Missing ISBN EN | Author Detailed Bio Missing
S3-59,3 Minute Positivity Journal - Boost Your Mood^J Change Your Life,,Missing Title EN | Missing ISBN ZH | Missing ISBN EN | Author Detailed Bio Missing
S3-60,擁抱同理心,Embrace Your Empathy  Making Sensitivity Your Strength,Missing ISBN ZH
S3-61,策略思考的六項訓練,The Six Disciplines of Strategic Thinking,Missing ISBN EN | Author Detailed Bio Missing
S3-62,讀新的藝術,The Art of Reading Minds  Understand Others,Missing ISBN ZH | Missing ISBN EN | Author Detailed Bio Missing
S3-63,內在孩童,The Child in You  Understanding Your Inner World,Missing ISBN ZH | Missing ISBN EN | Author Detailed Bio Missing
S3-64,不確定下的自在,Comfortable with Uncertainty,Missing ISBN ZH | Author Detailed Bio Missing
S3-65,心智重組 Declutter Your Mind  Stop Worrying^J Relieve Anxiety^J,Eliminate Negative Thinking,Missing ISBN ZH | Author Detailed Bio Missing
S3-66,清晰思考的藝術,The Art of Thinking Clearly,Missing ISBN ZH
S3-67,工作 新律,The New Rules of Work,Missing ISBN ZH
S3-68,人生勝利聖經,Tools of Titans The Tatics Routines and Habits of Billionaires Icons and World class Pe,Missing ISBN ZH | Missing ISBN EN | Author Detailed Bio Missing
S3-69,超速學習,Ultralearning Master Hard Skills Outsmart Accelerate,Missing ISBN ZH | Missing ISBN EN
S3-70,如何跟誰都能聊,How to Talk to Anyone,Missing ISBN ZH | Author Detailed Bio Missing
S3-71,複利效應,The Compound Effect  Success Through Small Choices,Missing ISBN ZH | Missing ISBN EN | Author Detailed Bio Missing
S3-72,極度專注力,Hyperfocus  Sharpening Your Focus in a Distracted World,Missing ISBN ZH | Missing ISBN EN
S3-73,自律的科學,The Science of Self Discipline,Missing ISBN ZH | Author Detailed Bio Missing
S3-74,溝通技巧訓練,Communication Skills Training,Missing ISBN ZH
S3-75,強化你的溝通技巧,Improve Your Communication Skills,Missing ISBN ZH
S3-76,有效溝通的科學,The Science of Effective Conversation,Missing ISBN ZH | Missing ISBN EN
S3-77,社會技巧引導,The Social Skills Guidebook,Missing ISBN ZH | Author Detailed Bio Missing
S3-78,努力卻不費力,Effortless  Make it Easier to Do what Matters Most,Missing ISBN ZH
S3-79,高情商習慣,Emotional Intelligence  Your Habits for Success,Missing ISBN ZH | Missing ISBN EN | Author Detailed Bio Missing
S3-80,勇於領導,Dare to Lead  Brave Work Tough Conversations-Whole Hearts,Missing ISBN ZH | Author Detailed Bio Missing
S3-81,向生命說 YES 兒Man's,Search for Meaning  Experiences in a Concentration Camp,Missing ISBN ZH | Missing ISBN EN | Author Detailed Bio Missing
S3-82,超越恐懼的大魔法,Big Magic Creative Living Beyond Fear,Missing ISBN ZH | Author Detailed Bio Missing
S3-83,人生四千個禮拜,Four Thousand Weeks  Time Management for Mortals,Missing ISBN ZH | Author Detailed Bio Missing
S3-84,微小美麗的事物,Tiny Beautiful Things  Advice on Love and Life,Missing ISBN ZH | Author Detailed Bio Missing
S3-85,怎樣解題,How to Solve It  Methods of Mathematical Problem Solving,Missing ISBN ZH | Missing ISBN EN | Author Detailed Bio Missing
S3-86,如果我的父母是控制狂,If You Had Controlling Parents  How to Make Peace with Your Past and Take Your Plac,Missing ISBN ZH | Missing ISBN EN | Author Detailed Bio Missing
S3-87,深度工作力,Deep Work  Rules for Focused Success in a Distracted World,Missing ISBN ZH
S3-88,同理心對話,We Need to Talk   How to Have Conversations That Matter,Missing ISBN ZH | Author Detailed Bio Missing
S3-89,如何停止傷自己的心,How to Stop Breaking Your Own Heart,Missing ISBN ZH | Author Detailed Bio Missing
S3-90,步步為贏,Your Next Five Moves   Master the Art of Business Strategy,Missing ISBN ZH | Author Detailed Bio Missing
S3-91,專注力協定,Indistractable  Guide to Controlling Your Attention and Life,Missing ISBN ZH | Missing ISBN EN
S3-92,內在專注力的節奏,Attention Span,Missing ISBN ZH
S3-93,專注的力量,The Power of Concentration   Theron Q  Dumont,Missing ISBN ZH | Missing ISBN EN
S3-94,聚焦一件事,The ONE Thing  Achieve Extraordinary Results,Missing ISBN ZH | Missing ISBN EN
S3-95,專注的力量Focus,The Hidden Driver of Excellence,Missing ISBN ZH
S3-96,誰偷走了你的專注力Stolen,Focus  Why You Can't Pay Attention,Missing ISBN ZH
S3-97,是誰偷了我的專注力The,Wandering Mind  What Medieval Monks Tell Us About Distraction,Missing ISBN ZH
S3-98,說理,Thank You for Arguing,Missing ISBN ZH | Author Detailed Bio Missing
S3-99,正面思考的再思,Rethinking Positive Thinking Inside the New Science of Motivation,Missing ISBN ZH | Author Detailed Bio Missing
S3-100,頂尖領導者的行動清單,The Leader's Checklist,Missing ISBN ZH
S3-101,重要性評估,Measure What Matters  How Google and Others Apply OKRs,Missing ISBN ZH | Missing ISBN EN
S4-01,時間悖論,The Time Paradox,Missing ISBN ZH | Missing ISBN EN | Author Detailed Bio Missing
S4-02,重要事，明天做,Do It Tomorrow,Missing ISBN EN | Author 'Mark Forster' not in authors.json
S4-03,Do the Hard Things First,Do the Hard Things First,Missing ISBN ZH | Missing ISBN EN | S4 Title CN is probably English | Author 'Scott Allan' not in authors.json
S4-04,真堅強,Do Hard Things,Missing ISBN ZH | Missing ISBN EN | Author 'Steve Magness' not in authors.json
S4-05,立即行動！有效時間管理技巧,Effective Time Management and Productivity,Missing ISBN ZH | Missing ISBN EN | Author 'Tracy Weaver' not in authors.json
S4-06,心智管理而非時間管理,"Mind Management, Not Time Management",Missing ISBN ZH | Missing ISBN EN | Author Detailed Bio Missing
S4-07,拖延心理學：戰勝拖延症,"The Now Habit at Work: Efficiency, Balance, and Focus",Missing ISBN ZH | Missing ISBN EN | Author Detailed Bio Missing
S4-08,80/20 生活法則,80/20 Your Life: Maximize Results with Minimal Effort,Missing ISBN ZH | Missing ISBN EN | Author 'Damon Zahariades' not in authors.json
S4-09,時間管理：高效人士的 10 個習慣,Time Management,Missing ISBN ZH | Missing ISBN EN | Author 'Geoffrey Lucas' not in authors.json
S4-10,完成你所開始的,Finish What You Start: The Art of Following Through,Missing ISBN ZH | Missing ISBN EN | Author Detailed Bio Missing
S4-11,Betting on You,Betting on You,Missing ISBN ZH | Missing ISBN EN | S4 Title CN is probably English | Author 'Laurie Ruettimann' not in authors.json
S4-12,HBR 工作聰明系列,HBR Work Smart Collection,Missing ISBN ZH | Missing ISBN EN | Author 'HBR' not in authors.json
S4-13,十倍勝，絕不單靠運氣,Great by Choice,Missing ISBN EN | Author 'Jim Collins' not in authors.json
S4-14,沒人在乎你的職涯,Nobody Cares About Your Career,Missing ISBN EN | Author 'Erika Ayers Badan' not in authors.json
S4-15,一流的人如何保持顛峰,Peak Performance,Missing ISBN EN | Author 'Brad Stulberg & Steve Magness' not in authors.json
S4-16,Peak Performance,"Peak Performance: Stress, Rest, and Sustainable Success",Missing ISBN ZH | Missing ISBN EN | S4 Title CN is probably English | Author 'Fitness Academy' not in authors.json
S4-17,生物駭客：更聰明而非更費力,Smarter Not Harder: Biohacks for Effortless Energy and Performance,Missing ISBN ZH | Missing ISBN EN | Author Detailed Bio Missing
S4-18,這一切始於你自己,"It Begins with You: Relationships, Patterns, and Healing",Missing ISBN ZH | Missing ISBN EN | Author 'Jillian Turecki' not in authors.json
S4-19,恐懼，是保護你的天賦,The Gift of Fear,Missing ISBN EN | Author 'Gavin De Becker' not in authors.json
S4-20,批判性思考：良好的推理基礎,Critical Thinking: The Basics of Good Reasoning,Missing ISBN ZH | Missing ISBN EN | Author 'Jamie Carlin Watson' not in authors.json
S4-21,21世紀的21堂課,21 Lessons for the 21st Century,Missing ISBN EN
S4-22,,Laziness Does Not Exist,Missing Title CN | Missing ISBN ZH | Missing ISBN EN | Author Detailed Bio Missing
S4-23,,Authentic Happiness,Missing Title CN | Missing ISBN ZH | Missing ISBN EN | Author 'Martin E. P. Seligman' not in authors.json
S4-24,,Everything Happens for a Reason,Missing Title CN | Missing ISBN ZH | Missing ISBN EN | Author 'Kate Bowler' not in authors.json
S4-25,,25 Need-to-Know MBA Models,Missing Title CN | Missing ISBN ZH | Missing ISBN EN | Author 'Ken Mark' not in authors.json
S4-26,,Never Split the Difference,Missing Title CN | Missing ISBN ZH | Missing ISBN EN
S4-27,,The Art of Seduction,Missing Title CN | Missing ISBN ZH | Missing ISBN EN
S4-28,,Limitless Mind,Missing Title CN | Missing ISBN ZH | Missing ISBN EN | Author 'Jo Boaler' not in authors.json
S4-29,,Intelligence: A Very Short Introduction,Missing Title CN | Missing ISBN ZH | Missing ISBN EN | Author 'Ian J. Deary' not in authors.json
S4-30,,"Blue Ocean Strategy, Expanded Edition",Missing Title CN | Missing ISBN ZH | Missing ISBN EN | Author Detailed Bio Missing
S4-31,無限的開始：世界進步的本源,The Beginning of Infinity,Missing ISBN EN | Author 'David Deutsch' not in authors.json
S4-32,打造第二大腦,Building a Second Brain,Missing ISBN EN | Author Detailed Bio Missing
S4-33,把成功變成習慣,The Achievement Habit,Missing ISBN EN | Author 'Bernard Roth' not in authors.json
S4-34,Story 10x：化不可能為必然,Story 10x: Turn the Impossible Into the Inevitable,Missing ISBN ZH | Missing ISBN EN | Author 'Michael Margolis' not in authors.json
S4-35,成長型文化,Cultures of Growth,Missing ISBN EN | Author 'Mary C. Murphy' not in authors.json
S4-36,正道領導,High Road Leadership,Missing ISBN EN
S4-37,聖經 (領導力版),Maxwell Leadership Bible,Missing ISBN EN
S4-38,十倍勝法則,The 10X Rule,Missing ISBN EN | Author Detailed Bio Missing
S4-39,好策略、壞策略,Good Strategy/Bad Strategy,Missing ISBN EN | Author Detailed Bio Missing
S4-40,別自個兒用餐,Never Eat Alone,Missing ISBN EN | Author Detailed Bio Missing
S4-41,簡單致富,The Simple Path to Wealth,Missing ISBN EN | Author Detailed Bio Missing
S4-42,Be a Millionaire Next Year,Be a Millionaire Next Year,Missing ISBN ZH | Missing ISBN EN | S4 Title CN is probably English | Author 'Michael R. Berg' not in authors.json
S4-43,Financial Joy 2.0,Financial Joy 2.0,Missing ISBN ZH | Missing ISBN EN | S4 Title CN is probably English | Author 'Sean Seah' not in authors.json
S4-44,持續買進,Just Keep Buying,Missing ISBN EN | Author Detailed Bio Missing
S4-45,You Deserve to Be Rich,You Deserve to Be Rich,Missing ISBN ZH | Missing ISBN EN | S4 Title CN is probably English | Author 'Rashad Bilal' not in authors.json
S4-46,致富心態：關於財富、貪婪與幸福的20堂理財課,The Psychology of Money,Missing ISBN EN
S4-47,為什麼激勵人心沒用,Why Motivating People Doesn't Work,Missing ISBN EN | Author Detailed Bio Missing
S4-48,共創式領導,Co-Active Leadership,Missing ISBN EN | Author 'Karen Kimsey-House' not in authors.json
S4-49,讓人無法拒絕的神奇字眼,Exactly What to Say,Missing ISBN EN | Author 'Phil M Jones' not in authors.json
S4-50,兆元教練,Trillion Dollar Coach,Missing ISBN EN
S4-51,僕人式領導,Servant Leadership,Missing ISBN EN | Author 'Larry W. Boone' not in authors.json
S4-52,成功 101,Success 101,Missing ISBN EN
S4-53,雜訊：人類判斷的缺陷,Noise: A Flaw in Human Judgment,Missing ISBN EN
S4-54,誰說人是理性的！,Predictably Irrational,Missing ISBN EN
S4-55,Poor Numbers,Poor Numbers,Missing ISBN ZH | Missing ISBN EN | S4 Title CN is probably English | Author 'Morten Jerven' not in authors.json
S4-56,領導者的試煉,The CEO Test,Missing ISBN EN | Author Detailed Bio Missing
S4-57,工作的藝術,The Art of Work,Missing ISBN EN | Author 'Jeff Goins' not in authors.json
S4-58,新一分鐘經理人,The New One Minute Manager,Missing ISBN EN | Author Detailed Bio Missing
S4-59,學會領導：馬提斯從戰場與戰略規劃養成的管理學,Call Sign Chaos,Missing ISBN EN | Author 'Jim Mattis' not in authors.json
S4-60,上位思維,The Leap to Leader,Missing ISBN EN | Author Detailed Bio Missing
S4-61,最後吃，才是真領導,Leaders Eat Last,Missing ISBN EN
S4-62,從內做起：發展自己的領導力,Developing the Leader Within You,Missing ISBN EN
S4-63,切換你的大腦,Switch On Your Brain,Missing ISBN EN | Author 'Dr. Caroline Leaf' not in authors.json
S4-64,最後一次相遇，我們只談喜悅,The Book of Joy,Missing ISBN EN | Author 'Dalai Lama' not in authors.json
S4-65,放意人生,The Fun Habit,Missing ISBN EN | Author 'Mike Rucker' not in authors.json
S4-66,食物情緒解決方案,The Food-Mood Solution,Missing ISBN EN | Author 'Jack Challem' not in authors.json
S4-67,照亮憂鬱黑洞的一束光：重新與世界連結走出藍色深海,Lost Connections,Missing ISBN EN
S4-68,輕盈,Lighter,Missing ISBN EN | Author 'Yung Pueblo' not in authors.json
S4-69,跳出我的腦袋：給焦慮世界中過度思考者的啟示,Get Out of My Head,Missing ISBN EN | Author 'Meredith Arthur' not in authors.json
S4-70,象與騎象人：全球百大思想家的正向心理學經典,The Happiness Hypothesis,Missing ISBN EN | Author Detailed Bio Missing
S4-71,掌握你的信念,Master Your Beliefs,Missing ISBN EN | Author Detailed Bio Missing
S4-72,掌握你的命運,Master Your Destiny,Missing ISBN EN | Author Detailed Bio Missing
S4-73,為什麼你有情緒？：認識情緒，才認識自己,Master Your Emotions,Missing ISBN EN | Author Detailed Bio Missing
S4-74,掌握你的學習,Master Your Learning,Missing ISBN EN | Author Detailed Bio Missing
S4-75,掌握你的思維,Master Your Thinking,Missing ISBN EN | Author Detailed Bio Missing
S4-76,多巴胺排毒,Dopamine Detox,Missing ISBN EN | Author Detailed Bio Missing
S4-77,心理韌性,Mental Toughness,Missing ISBN EN | Author 'Annette Tower' not in authors.json
S4-78,心智圖大師,Mind Map Mastery,Missing ISBN EN | Author 'Tony Buzan' not in authors.json
S4-79,重塑你的心態,Mind Your Mindset,Missing ISBN EN | Author 'Michael Hyatt' not in authors.json
S4-80,記憶力：與愛因斯坦在月球漫步,Moonwalking with Einstein,Missing ISBN EN | Author Detailed Bio Missing
S4-81,心智之書,The Book of Minds,Missing ISBN EN | Author 'Philip Ball' not in authors.json
VS-12,代謝,Metabolical,Missing ISBN ZH
VS-21,超高效學習,Learn Like a Pro,Missing ISBN ZH
VS-22,人的心,Psych - The Story of Human Mind,Missing ISBN ZH | Missing ISBN EN | Author Detailed Bio Missing
VS-23,48小時內 都學會  How to Learn Almost Anything in 48,Hours,Missing ISBN ZH | Author Detailed Bio Missing
VS-24,自我控管的藝術,Never Betray Your Efforts,Missing ISBN ZH | Missing ISBN EN | Author Detailed Bio Missing
VS-25,金字塔心智模式,The Pyramid Mind,Missing ISBN ZH | Missing ISBN EN
VS-26,高效思考的五個要素 The 5,Elements of Effective Thinking,Missing ISBN ZH | Author Detailed Bio Missing
VS-27,關於癌症，我們是否治療太多，知道太少,,Missing Title EN | Missing ISBN ZH | Missing ISBN EN | Author Detailed Bio Missing
VS-28,天生就會跑,Born To Run,Missing ISBN ZH | Author Detailed Bio Missing
VS-29,練腦求成,Train Your Brain For Success,Missing ISBN EN
VS-30,治癒,Heal Discover Your Unlimited Potential and Awaken the Powerful Healer Within,Missing ISBN ZH | Author Detailed Bio Missing
VS-31,The Art of Creative Thinking,The Art of Creative Thinking,Missing ISBN ZH | Author Detailed Bio Missing
VS-32,The Art of Explanation,The Art of Explanation,Missing ISBN ZH | Missing ISBN EN | Author Detailed Bio Missing
VS-33,The Art of Laziness,The Art of Laziness  Overcome Procrastination,Missing ISBN EN | Author Detailed Bio Missing
VS-34,控制力,Deep Thinking,Missing ISBN ZH | Author Detailed Bio Missing
VS-36,假性親密關係,Why are we Together without Intimacy,Missing ISBN ZH | Missing ISBN EN | Author Detailed Bio Missing
VS-37,Outlive,Outlive - The Science and Art of Longivity,Missing ISBN EN | Author Detailed Bio Missing
VS-38,破框思維的技術,Think Bigger,Missing ISBN EN | Author Detailed Bio Missing
VS-39,人性賽局,Hidden Games,Missing ISBN ZH | Author Detailed Bio Missing
VS-40,思考之道   考え方  人生．仕事の結果が変わる,,Missing Title EN | Missing ISBN ZH | Missing ISBN EN
VS-41,超速進步,Get Better at Anything   Scott H  Young,Missing ISBN ZH | Missing ISBN EN | Author Detailed Bio Missing
VS-42,晤談的力量 陳恆霖,,Missing Title EN | Missing ISBN ZH | Missing ISBN EN | Author Detailed Bio Missing
VW-01,C 別幫部屬養猴子,Monkey Business,Missing ISBN ZH | Author Detailed Bio Missing
VW-02,C 改變心意的字句/話語,Words That Change Minds,Missing ISBN ZH | Author Detailed Bio Missing
VW-03,C 無限記憶,Unlimited Memory,Missing ISBN ZH | Author Detailed Bio Missing
VW-04,燃燒：揭開大腦、演化與身體代謝之謎,Small Business Management,Missing ISBN ZH
VW-05,C 如何當擇你的生命,How to Take Charge of Your Life,Missing ISBN ZH | Author Detailed Bio Missing
VW-07,C 詢問更多,Ask for More,Missing ISBN ZH | Author Detailed Bio Missing
VW-08,VW 08 Anointed - Why Status Matters More Than Talent,C 受膏者 Anointed 標籤比品質更重要,Missing ISBN ZH | Missing ISBN EN | Author Detailed Bio Missing
VW-09,VW 09 Loyalty rules!,C 忠誠王道 Loyalty rules! 忠誠度讓獲利翻倍,Missing ISBN ZH | Missing ISBN EN | Author Detailed Bio Missing
VW-10,C 第五項修練 實戰手冊,The Fifth Discipline Fieldbook,Missing ISBN ZH | Author Detailed Bio Missing
S4-82,心智的框架：多元智能理論,Frames of Mind,Missing ISBN EN | Author 'Howard Gardner' not in authors.json
S4-83,如何記住任何事,How to Remember Anything,Missing ISBN EN | Author 'Dean Vaughn' not in authors.json
S4-84,超牢記憶法,Make It Stick,Missing ISBN EN | Author 'Peter C. Brown' not in authors.json
S4-85,心靈魔法,Mind Magic,Missing ISBN EN | Author 'James R. Doty' not in authors.json
S4-86,你可能學錯了,Outsmart Your Brain,Missing ISBN EN | Author 'Daniel T. Willingham' not in authors.json
S4-87,自信心態,The Confident Mind,Missing ISBN EN | Author 'Dr. Nate Zinsser' not in authors.json
S4-88,在大腦外思考,The Extended Mind,Missing ISBN EN | Author 'Annie Murphy Paul' not in authors.json
S4-89,自律的力量,The Power of Discipline,Missing ISBN EN | Author 'Daniel Walter' not in authors.json
S4-90,樂趣的力量,The Power of Fun,Missing ISBN EN | Author 'Catherine Price' not in authors.json
S4-91,The Power of Your Potential,The Power of Your Potential,Missing ISBN ZH | Missing ISBN EN | S4 Title CN is probably English
S4-92,潛意識的力量,The Power of Your Subconscious Mind,Missing ISBN EN | Author 'Joseph Murphy' not in authors.json
S4-93,安靜，就是力量：內向者如何發揮積極的力量,Quiet: The Power of Introverts,Missing ISBN EN | Author 'Susan Cain' not in authors.json
S4-94,The Art of Quiet Influence,The Art of Quiet Influence,Missing ISBN ZH | Missing ISBN EN | S4 Title CN is probably English | Author 'Jocelyn Davis' not in authors.json
S4-95,The Secret Lives of Introverts,The Secret Lives of Introverts,Missing ISBN ZH | Missing ISBN EN | S4 Title CN is probably English | Author 'Jenn Granneman' not in authors.json
S4-96,Winning the War in Your Mind,Winning the War in Your Mind,Missing ISBN ZH | Missing ISBN EN | S4 Title CN is probably English | Author 'Craig Groeschel' not in authors.json
S4-97,麻省理工全能表達課：人工智慧先驅40年熱門課，掌握基本功，簡潔有力說服任何人,Make It Clear,Missing ISBN EN | Author 'Patrick Henry Winston' not in authors.json
S4-98,技能密碼：MIT博士教你從似懂非懂到穩定輸出,The Skill Code,Missing ISBN EN | Author 'Matt Beane' not in authors.json
S4-99,像火箭科學家一樣思考：9大策略，翻轉你的事業與人生,Think Like a Rocket Scientist,Missing ISBN EN
S4-100,三禧思維：亂世解決問題、活得更好的科學思考工具！,Third Millennium Thinking,Missing ISBN EN | Author 'Saul Perlmutter' not in authors.json
S4-101,世界，沒你想的那麼糟：達爾文也喊Yes的樂觀演化,The Rational Optimist,Missing ISBN EN | Author 'Matt Ridley' not in authors.json
S4-102,The Science of Self-Learning,The Science of Self-Learning,Missing ISBN ZH | Missing ISBN EN | S4 Title CN is probably English | Author Detailed Bio Missing
S4-103,Yes Brain！和孩子一起說好！：正向思考的大腦：培養具有膽識、好奇心以及韌性的孩子,The Yes Brain,Missing ISBN EN | Author 'Daniel J. Siegel' not in authors.json
S4-104,溝通的黃金法則：有效領導×順利提案×成功推銷,The 16 Undeniable Laws of Communication,Missing ISBN EN
S4-105,你都沒在聽：科技讓交談愈來愈容易，人卻愈來愈不會聆聽。聆聽不但給別人慰藉，也給自己出路,You're Not Listening,Missing ISBN EN | Author 'Kate Murphy' not in authors.json
S4-106,No Ego,No Ego,Missing ISBN ZH | Missing ISBN EN | S4 Title CN is probably English | Author 'Cy Wakeman' not in authors.json
S4-107,過度飲食心理學：當人生只剩下吃是唯一慰藉,The Psychology of Overeating,Missing ISBN EN | Author 'Kima Cargill' not in authors.json
S4-108,開啟你的驚人天賦：科學證實你能活出極致美好的人生狀態,Becoming Supernatural,Missing ISBN EN | Author 'Dr. Joe Dispenza' not in authors.json
S4-109,贏回自主人生，終結過勞崇拜：擺脫有毒工作思維，重啟生活與事業高峰的改變之書,Win at Work and Succeed at Life,Missing ISBN EN | Author 'Michael Hyatt' not in authors.json
S4-110,你與世界的10個方程式：把大問題變小問題，用大數據＋數學理解現代社會的運作模式,The Ten Equations That Rule the World,Missing ISBN EN | Author 'David Sumpter' not in authors.json
S4-111,世界秩序：季辛吉論國際正義、國家利益與全球架構,World Order,Missing ISBN EN | Author 'Henry Kissinger' not in authors.json
S4-112,數位帝國：全球科技監理之戰,Digital Empires,Missing ISBN EN | Author 'Anu Bradford' not in authors.json
S4-113,當我離開家之後：我所受的教育，如何成為我人生最艱困的一場練習(新版),Educated,Missing ISBN EN | Author 'Tara Westover' not in authors.json
S4-114,正念教養培育好人：一堂不必生氣、走出困局的親子必修課,Raising Good Humans Every Day,Missing ISBN EN | Author 'Hunter Clarke-Fields' not in authors.json
S4-115,過動兒父母完全指導手冊,ADHD,Missing ISBN EN | Author 'Paul H. Wender' not in authors.json
S4-116,Exploratory Writing,Exploratory Writing,Missing ISBN ZH | Missing ISBN EN | S4 Title CN is probably English | Author 'Alison Jones' not in authors.json
S4-117,Moving On Doesn't Mean Letting Go,Moving On Doesn't Mean Letting Go,Missing ISBN ZH | Missing ISBN EN | S4 Title CN is probably English | Author 'Gina Moffa' not in authors.json
S4-118,沒有不好的你：風行全球的內在家庭系統IFS，徹底翻轉你我的生命,No Bad Parts,Missing ISBN EN | Author 'Richard C. Schwartz' not in authors.json
S4-119,是情緒糟，不是你很糟：穿透憂鬱的內觀力量,The Mindful Way through Depression,Missing ISBN EN | Author 'Mark Williams' not in authors.json
S4-120,內在恆定：順應天性的完美主義是一種優勢,The Perfectionist's Guide to Losing Control,Missing ISBN EN | Author 'Katherine Morgan Schafler' not in authors.json
S4-121,你發生過什麼事：關於創傷如何影響大腦與行為，以及我們能如何療癒自己,What Happened to You,Missing ISBN EN | Author 'Oprah Winfrey' not in authors.json
S4-122,When Bad Thinking Happens to Good People,When Bad Thinking Happens to Good People,Missing ISBN ZH | Missing ISBN EN | S4 Title CN is probably English | Author 'Steven Nadler' not in authors.json
S4-123,This Is Strategy,This Is Strategy,Missing ISBN ZH | Missing ISBN EN | S4 Title CN is probably English
S4-124,樹的祕密生命：帶你窺探樹木如何潛心溝通、感知情感及相互照顧,The Hidden Life of Trees,Missing ISBN EN | Author 'Peter Wohlleben' not in authors.json
S4-125,人性18法則：認識自己、透視他人，解碼人類行為第一專書,The Laws of Human Nature,Missing ISBN EN
S4-126,How to Work with Complicated People,How to Work with Complicated People,Missing ISBN ZH | Missing ISBN EN | S4 Title CN is probably English | Author 'Ryan Leak' not in authors.json
S4-127,101 Creative Problem Solving Techniques,101 Creative Problem Solving Techniques,Missing ISBN ZH | Missing ISBN EN | S4 Title CN is probably English | Author 'James M. Higgins' not in authors.json
S4-128,教養，從跟孩子的情緒做朋友開始：孩子鬧脾氣，正是開發全腦的好時機,No-Drama Discipline,Missing ISBN EN | Author 'Daniel J. Siegel' not in authors.json
S4-129,會好起來的，就算不是現在,I Used to Have a Plan_ But Life had other Ideas,Missing ISBN EN | Author 'Alessandra Olanow' not in authors.json
S4-130,權力與進步：科技變革與共享繁榮之間的千年辯證,Power and Progress,Missing ISBN EN | Author 'Daron Acemoglu' not in authors.json
VS-35,VS-35 海權爭霸,Sea Power and Maritime Geopolitics,Missing ISBN ZH | Missing ISBN EN | Author Detailed Bio Missing
VS-20,VS-20 怦然心動的人生整理魔法,The Life Changing Magic of Tidy,Missing ISBN EN
VS-19,VS-19 怦然心動,Spark Joy,Missing ISBN EN
VS-18,VS-18 我們為什麼會被騙,Nobody's Fool,Missing ISBN ZH | Author Detailed Bio Missing
VS-17,VS-17 系統思考,Thinking in System,Missing ISBN ZH | Author Detailed Bio Missing
VS-16,VS-16 改變現在的你，迎向未來的你,Your Future Self,Missing ISBN ZH | Author Detailed Bio Missing
VS-15,VS-15 專注力協定Indistractable -,Nir Eyal,Missing ISBN ZH
VS-14,LIT - 哈佛專注力革命,VS-14 完全沉浸 LIT - 點燃成功之火的哈佛專注力革命,Missing ISBN ZH | Missing ISBN EN | Author Detailed Bio Missing
VS-13,VS-13 能量的悖論,Energy Paradox,Missing ISBN ZH | Author Detailed Bio Missing
VS-11,VS-11 天生不愛動,Exercised,Missing ISBN ZH | Author Detailed Bio Missing
VS-10,我們為何吃太多？,Why We Eat (Too Much): The New Science of Appetite,Missing ISBN ZH | Author Detailed Bio Missing
VS-09,改造新陳代謝,The Metabolism Makeover,Missing ISBN ZH | Author 'Megan Hansen' not in authors.json
VS-08,科學減脂X瘦身全書,Everything About Fat Loss,Missing ISBN EN | Author Detailed Bio Missing
VS-07,身體：給佔有者的使用說明書,The Body: A Guide for Occupants,Missing ISBN ZH
VS-06,燃燒吧！卡路里,"Burn: New Science Reveals How We Really Burn Calories, Lose Weight, and Stay Healthy",Missing ISBN ZH
VS-05,控糖革命,Glucose Revolution: The Life-Changing Power of Balancing Your Blood Sugar,Missing ISBN ZH | Author Detailed Bio Missing
VS-04,大自然就是要你胖,Nature Wants Us to Be Fat: The Surprising Science of Why We Gain Weight,Missing ISBN ZH | Author Detailed Bio Missing
VS-03,斷食全書,"The Complete Guide to Fasting: Heal Your Body Through Intermittent, Alternate-Day, and Extended Fasting",Missing ISBN ZH
VS-02,癮食習慣,The Hunger Habit: Why We Eat When We're Not Hungry and How to Stop,Missing ISBN ZH
VS-01,The Model Thinker,VS-01 The Model Thinker 多模型思維：天才的32個思考策略,Missing ISBN EN | Author Detailed Bio Missing
VW-06C,VW-06C  從飄移到駕駛,From Drift to Drive,Missing ISBN EN
VS-21,Learn Like a Pro,,Missing Title EN | Missing ISBN EN
VS-43+,企業傳承與接班實務,,Missing Title EN | Missing ISBN ZH | Missing ISBN EN
VS-44+,Coach 領導學 (Plus),,Missing Title EN | Missing ISBN ZH | Missing ISBN EN | Author Detailed Bio Missing
VS-44,Coach 領導學,,Missing Title EN | Missing ISBN ZH | Missing ISBN EN | Author Detailed Bio Missing
VW-19,癮食劫,Hijacked: How Food Can Hijack Your Brain,Missing ISBN ZH
VW-18,簡單破壞現場手冊,Simple Sabotage Field Manual,Missing ISBN ZH | Author Detailed Bio Missing
VW-17,像火箭科學家一樣思考,Think Like a Rocket Scientist,Missing ISBN ZH
VW-16,餐巾紙的背面,The Back of the Napkin,Missing ISBN ZH
VW-15,清晰思考,Clear Thinking,Missing ISBN ZH
VW-14,極度責任,Extreme Ownership,Missing ISBN ZH
VW-13,80/20 法則,The 80/20 Principle,Missing ISBN ZH
VW-12,規模化,Scaling Up,Missing ISBN ZH
VW-11,高效對話,Powerful Conversations,Missing ISBN ZH
VW-06,從飄移到駕駛,From Drift to Drive,Missing ISBN ZH
